{
  "北京": [116.407526, 39.90403],
  "上海": [121.473701, 31.230416],
  "天津": [117.200983, 39.084158],
  "重庆": [106.551556, 29.563009],
  "武汉": [114.305392, 30.593098],
  "吉安": [114.992039, 27.113848],
  "襄阳": [112.122414, 32.008986],
  "枣阳": [112.772723, 32.128968],
  "厦门": [118.089425, 24.479833],
  "莆田": [119.007777, 25.454084],
  "运城": [111.007528, 35.026412],
  "南通": [120.894291, 31.980172],
  "宁波": [121.550357, 29.874557],
  "余姚": [121.154629, 30.037192],
  "许昌": [113.852004, 34.03732],
  "广州": [113.264385, 23.129112],
  "无锡": [120.31191, 31.49117],
  "江阴": [120.284939, 31.920658],
  "岳阳": [113.128922, 29.35648],
  "青岛": [120.382665, 36.066938],
  "包头": [109.840405, 40.658168],
  "西安": [108.93977, 34.341574],
  "呼和浩特": [111.749181, 40.842585],
  "苏州": [120.585294, 31.299758],
  "临沂": [118.356464, 35.103771],
  "梧州": [111.279115, 23.476962],
  "珠海": [113.576726, 22.270715],
  "绍兴": [120.582112, 29.997117],
  "宁德": [119.547932, 26.665617],
  "扬州": [119.412966, 32.39421],
  "孝感": [113.916902, 30.924568],
  "秦皇岛": [119.600492, 39.935385],
  "大同": [113.300129, 40.076763],
  "吉林": [126.549719, 43.838132],
  "嘉兴": [120.755486, 30.746129],
  "深圳": [114.057868, 22.543099],
  "郑州": [113.625368, 34.7466],
  "南京": [118.796877, 32.060255],
  "香港": [114.169361, 22.319304],
  "杭州": [120.15507, 30.274085],
  "济南": [117.120095, 36.6512],
  "成都": [104.066541, 30.572269],
  "长沙": [112.938814, 28.228209],
  "南昌": [115.858198, 28.682892]
}
